名称,休止開始日,休止終了日
宇気郷,2016/4/29,2016/4/29
宇気郷,2016/5/3,2016/5/5
宇気郷,2016/8/11,2016/8/11
宇気郷,2016/9/22,2016/9/22
宇気郷,2016/11/3,2016/11/3
宇気郷,2016/12/23,2016/12/23
宇気郷,2016/12/31,2017/1/3
中郷,2016/4/29,2016/4/29
中郷,2016/5/3,2016/5/5
中郷,2016/8/11,2016/8/11
中郷,2016/9/22,2016/9/22
中郷,2016/11/3,2016/11/3
中郷,2016/12/23,2016/12/23
中郷,2016/12/31,2017/1/3
中原,2016/4/29,2016/4/29
中原,2016/5/3,2016/5/5
中原,2016/8/11,2016/8/11
中原,2016/9/22,2016/9/22
中原,2016/11/3,2016/11/3
中原,2016/12/23,2016/12/23
中原,2016/12/31,2017/1/3
中川,2016/4/29,2016/4/29
中川,2016/5/3,2016/5/5
中川,2016/8/11,2016/8/11
中川,2016/9/22,2016/9/22
中川,2016/11/3,2016/11/3
中川,2016/12/23,2016/12/23
中川,2016/12/31,2017/1/3
豊地・天花寺西野,2016/4/29,2016/4/29
豊地・天花寺西野,2016/5/3,2016/5/5
豊地・天花寺西野,2016/8/11,2016/8/11
豊地・天花寺西野,2016/9/22,2016/9/22
豊地・天花寺西野,2016/11/3,2016/11/3
豊地・天花寺西野,2016/12/23,2016/12/23
豊地・天花寺西野,2016/12/31,2017/1/3
豊田,2016/4/29,2016/4/29
豊田,2016/5/3,2016/5/5
豊田,2016/8/11,2016/8/11
豊田,2016/9/22,2016/9/22
豊田,2016/11/3,2016/11/3
豊田,2016/12/23,2016/12/23
豊田,2016/12/31,2017/1/3
